utterance_id,audio_path,source,split,chunk_start_sec,chunk_end_sec,span_index,start_sec,end_sec,language,text
lexmodi_original_2h20m_10m__chunk_0000,/home/vishal/assignment2-final/stage1_lid/audio/chunks/lexmodi_original_2h20m_10m__chunk_0000.wav,lexmodi_original_2h20m_10m,test,0.000,15.000,0,0.0,0.88,english,motivation
lexmodi_original_2h20m_10m__chunk_0000,/home/vishal/assignment2-final/stage1_lid/audio/chunks/lexmodi_original_2h20m_10m__chunk_0000.wav,lexmodi_original_2h20m_10m,test,0.000,15.000,1,0.88,4.09,hindi,मेरी आंख के सामने जो चीजें हैं वही मुझे मोटिवेट करती रहती है।
lexmodi_original_2h20m_10m__chunk_0000,/home/vishal/assignment2-final/stage1_lid/audio/chunks/lexmodi_original_2h20m_10m__chunk_0000.wav,lexmodi_original_2h20m_10m,test,0.000,15.000,2,4.88,5.37,hindi,दूसरा
lexmodi_original_2h20m_10m__chunk_0000,/home/vishal/assignment2-final/stage1_lid/audio/chunks/lexmodi_original_2h20m_10m__chunk_0000.wav,lexmodi_original_2h20m_10m,test,0.000,15.000,3,5.99,8.01,hindi,मेरी जिम्मेवारी मुझे दौड़ाती है।
lexmodi_original_2h20m_10m__chunk_0000,/home/vishal/assignment2-final/stage1_lid/audio/chunks/lexmodi_original_2h20m_10m__chunk_0000.wav,lexmodi_original_2h20m_10m,test,0.000,15.000,4,10.05,12.75,hindi,जो जिम्मेवारी देशवासियों ने मुझे दी है।
lexmodi_original_2h20m_10m__chunk_0000,/home/vishal/assignment2-final/stage1_lid/audio/chunks/lexmodi_original_2h20m_10m__chunk_0000.wav,lexmodi_original_2h20m_10m,test,0.000,15.000,5,13.27,14.69,hindi,मुझे हमेशा लगता है
lexmodi_original_2h20m_10m__chunk_0001,/home/vishal/assignment2-final/stage1_lid/audio/chunks/lexmodi_original_2h20m_10m__chunk_0001.wav,lexmodi_original_2h20m_10m,test,14.000,29.000,0,0.0,1.23,hindi,अच्छा लगता है
lexmodi_original_2h20m_10m__chunk_0001,/home/vishal/assignment2-final/stage1_lid/audio/chunks/lexmodi_original_2h20m_10m__chunk_0001.wav,lexmodi_original_2h20m_10m,test,14.000,29.000,1,1.88,5.16,hindi,कि मैं पद पर मौज मस्ती करने के लिए नहीं आया।
lexmodi_original_2h20m_10m__chunk_0001,/home/vishal/assignment2-final/stage1_lid/audio/chunks/lexmodi_original_2h20m_10m__chunk_0001.wav,lexmodi_original_2h20m_10m,test,14.000,29.000,2,6.66,8.62,hindi,मेरी तरफ से मैं पूरा प्रयास करूंगा।
lexmodi_original_2h20m_10m__chunk_0001,/home/vishal/assignment2-final/stage1_lid/audio/chunks/lexmodi_original_2h20m_10m__chunk_0001.wav,lexmodi_original_2h20m_10m,test,14.000,29.000,3,8.82,11.23,hindi,हो सकता है मैं दो काम ना कर पाऊं।
lexmodi_original_2h20m_10m__chunk_0001,/home/vishal/assignment2-final/stage1_lid/audio/chunks/lexmodi_original_2h20m_10m__chunk_0001.wav,lexmodi_original_2h20m_10m,test,14.000,29.000,4,12.11,14.33,hindi,लेकिन मेरे प्रयास में कमी नहीं रहेगी।
lexmodi_original_2h20m_10m__chunk_0002,/home/vishal/assignment2-final/stage1_lid/audio/chunks/lexmodi_original_2h20m_10m__chunk_0002.wav,lexmodi_original_2h20m_10m,test,28.000,43.000,0,0.0,3.0,hindi,मेरे परिश्रम में कमी नहीं रहेगी।
lexmodi_original_2h20m_10m__chunk_0002,/home/vishal/assignment2-final/stage1_lid/audio/chunks/lexmodi_original_2h20m_10m__chunk_0002.wav,lexmodi_original_2h20m_10m,test,28.000,43.000,1,3.2,6.35,hindi,और मैं जब 14 में चुनाव लड़ रहा था
lexmodi_original_2h20m_10m__chunk_0002,/home/vishal/assignment2-final/stage1_lid/audio/chunks/lexmodi_original_2h20m_10m__chunk_0002.wav,lexmodi_original_2h20m_10m,test,28.000,43.000,2,8.1,13.3,hindi,तब मैंने पहले जब गुजरात में था तब भी मैंने लोगों के सामने रखा था और यहां आया तो यहां भी कहा था।
lexmodi_original_2h20m_10m__chunk_0002,/home/vishal/assignment2-final/stage1_lid/audio/chunks/lexmodi_original_2h20m_10m__chunk_0002.wav,lexmodi_original_2h20m_10m,test,28.000,43.000,3,14.02,14.53,hindi,मैंने कहा मैं देश
lexmodi_original_2h20m_10m__chunk_0003,/home/vishal/assignment2-final/stage1_lid/audio/chunks/lexmodi_original_2h20m_10m__chunk_0003.wav,lexmodi_original_2h20m_10m,test,42.000,57.000,0,0.0,2.24,hindi,मैंने कहा मैं देशवासियों को वादा करता हूं
lexmodi_original_2h20m_10m__chunk_0003,/home/vishal/assignment2-final/stage1_lid/audio/chunks/lexmodi_original_2h20m_10m__chunk_0003.wav,lexmodi_original_2h20m_10m,test,42.000,57.000,1,3.03,3.54,hindi,कि मैं
lexmodi_original_2h20m_10m__chunk_0003,/home/vishal/assignment2-final/stage1_lid/audio/chunks/lexmodi_original_2h20m_10m__chunk_0003.wav,lexmodi_original_2h20m_10m,test,42.000,57.000,2,4.99,6.09,hindi,कभी भी
lexmodi_original_2h20m_10m__chunk_0003,/home/vishal/assignment2-final/stage1_lid/audio/chunks/lexmodi_original_2h20m_10m__chunk_0003.wav,lexmodi_original_2h20m_10m,test,42.000,57.000,3,7.15,9.64,hindi,परिश्रम करने में पीछे नहीं रहूंगा।
lexmodi_original_2h20m_10m__chunk_0003,/home/vishal/assignment2-final/stage1_lid/audio/chunks/lexmodi_original_2h20m_10m__chunk_0003.wav,lexmodi_original_2h20m_10m,test,42.000,57.000,4,11.0,12.52,hindi,दूसरा मैं कहता था
lexmodi_original_2h20m_10m__chunk_0003,/home/vishal/assignment2-final/stage1_lid/audio/chunks/lexmodi_original_2h20m_10m__chunk_0003.wav,lexmodi_original_2h20m_10m,test,42.000,57.000,5,13.33,14.24,hindi,कि मैं बद इरादे से
lexmodi_original_2h20m_10m__chunk_0004,/home/vishal/assignment2-final/stage1_lid/audio/chunks/lexmodi_original_2h20m_10m__chunk_0004.wav,lexmodi_original_2h20m_10m,test,56.000,71.000,0,0.0,2.4,hindi,बुद्ध इरादे से कोई काम नहीं करूंगा।
lexmodi_original_2h20m_10m__chunk_0004,/home/vishal/assignment2-final/stage1_lid/audio/chunks/lexmodi_original_2h20m_10m__chunk_0004.wav,lexmodi_original_2h20m_10m,test,56.000,71.000,1,4.05,5.5,hindi,और तीसरा मैं कहता था
lexmodi_original_2h20m_10m__chunk_0004,/home/vishal/assignment2-final/stage1_lid/audio/chunks/lexmodi_original_2h20m_10m__chunk_0004.wav,lexmodi_original_2h20m_10m,test,56.000,71.000,2,6.0,7.75,hindi,मेरे लिए मैं कुछ नहीं करूंगा।
lexmodi_original_2h20m_10m__chunk_0004,/home/vishal/assignment2-final/stage1_lid/audio/chunks/lexmodi_original_2h20m_10m__chunk_0004.wav,lexmodi_original_2h20m_10m,test,56.000,71.000,3,9.1,14.05,hindi,आज मुझे 24 साल हो गए इतने लंबे कालखंड से मैं
lexmodi_original_2h20m_10m__chunk_0004,/home/vishal/assignment2-final/stage1_lid/audio/chunks/lexmodi_original_2h20m_10m__chunk_0004.wav,lexmodi_original_2h20m_10m,test,56.000,71.000,4,14.05,14.3,hindi,भय
lexmodi_original_2h20m_10m__chunk_0005,/home/vishal/assignment2-final/stage1_lid/audio/chunks/lexmodi_original_2h20m_10m__chunk_0005.wav,lexmodi_original_2h20m_10m,test,70.000,85.000,0,0.0,0.99,english,head of the government
lexmodi_original_2h20m_10m__chunk_0005,/home/vishal/assignment2-final/stage1_lid/audio/chunks/lexmodi_original_2h20m_10m__chunk_0005.wav,lexmodi_original_2h20m_10m,test,70.000,85.000,1,1.09,3.86,hindi,ke roop mein desh vasiyon ne mujhe kaam diya hai.
lexmodi_original_2h20m_10m__chunk_0005,/home/vishal/assignment2-final/stage1_lid/audio/chunks/lexmodi_original_2h20m_10m__chunk_0005.wav,lexmodi_original_2h20m_10m,test,70.000,85.000,2,4.43,8.35,hindi,Mere in teen kasotiyon par maine apne aap ko tol kar ke rakha hua hai.
lexmodi_original_2h20m_10m__chunk_0005,/home/vishal/assignment2-final/stage1_lid/audio/chunks/lexmodi_original_2h20m_10m__chunk_0005.wav,lexmodi_original_2h20m_10m,test,70.000,85.000,3,9.0,10.42,hindi,Aur main usko karta hu
lexmodi_original_2h20m_10m__chunk_0005,/home/vishal/assignment2-final/stage1_lid/audio/chunks/lexmodi_original_2h20m_10m__chunk_0005.wav,lexmodi_original_2h20m_10m,test,70.000,85.000,4,10.6,11.51,hindi,to mujhe mera ek
lexmodi_original_2h20m_10m__chunk_0005,/home/vishal/assignment2-final/stage1_lid/audio/chunks/lexmodi_original_2h20m_10m__chunk_0005.wav,lexmodi_original_2h20m_10m,test,70.000,85.000,5,12.75,13.68,english,inspiration
lexmodi_original_2h20m_10m__chunk_0005,/home/vishal/assignment2-final/stage1_lid/audio/chunks/lexmodi_original_2h20m_10m__chunk_0005.wav,lexmodi_original_2h20m_10m,test,70.000,85.000,6,14.28,14.49,hindi,ban
lexmodi_original_2h20m_10m__chunk_0006,/home/vishal/assignment2-final/stage1_lid/audio/chunks/lexmodi_original_2h20m_10m__chunk_0006.wav,lexmodi_original_2h20m_10m,test,84.000,99.000,0,0.007,0.44,english,1.4 billion
lexmodi_original_2h20m_10m__chunk_0006,/home/vishal/assignment2-final/stage1_lid/audio/chunks/lexmodi_original_2h20m_10m__chunk_0006.wav,lexmodi_original_2h20m_10m,test,84.000,99.000,1,2.3,3.2,hindi,logon ki seva
lexmodi_original_2h20m_10m__chunk_0006,/home/vishal/assignment2-final/stage1_lid/audio/chunks/lexmodi_original_2h20m_10m__chunk_0006.wav,lexmodi_original_2h20m_10m,test,84.000,99.000,2,5.5,5.8,hindi,unke
lexmodi_original_2h20m_10m__chunk_0006,/home/vishal/assignment2-final/stage1_lid/audio/chunks/lexmodi_original_2h20m_10m__chunk_0006.wav,lexmodi_original_2h20m_10m,test,84.000,99.000,3,6.0,6.7,english,aspiration
lexmodi_original_2h20m_10m__chunk_0006,/home/vishal/assignment2-final/stage1_lid/audio/chunks/lexmodi_original_2h20m_10m__chunk_0006.wav,lexmodi_original_2h20m_10m,test,84.000,99.000,4,8.3,9.3,hindi,unki avashyakta
lexmodi_original_2h20m_10m__chunk_0006,/home/vishal/assignment2-final/stage1_lid/audio/chunks/lexmodi_original_2h20m_10m__chunk_0006.wav,lexmodi_original_2h20m_10m,test,84.000,99.000,5,11.1,12.8,hindi,jitni mehnat kar saku jitna kar saku
lexmodi_original_2h20m_10m__chunk_0006,/home/vishal/assignment2-final/stage1_lid/audio/chunks/lexmodi_original_2h20m_10m__chunk_0006.wav,lexmodi_original_2h20m_10m,test,84.000,99.000,6,13.5,14.1,hindi,mai karne ke
lexmodi_original_2h20m_10m__chunk_0006,/home/vishal/assignment2-final/stage1_lid/audio/chunks/lexmodi_original_2h20m_10m__chunk_0006.wav,lexmodi_original_2h20m_10m,test,84.000,99.000,7,14.1,14.5,english,mood
lexmodi_original_2h20m_10m__chunk_0007,/home/vishal/assignment2-final/stage1_lid/audio/chunks/lexmodi_original_2h20m_10m__chunk_0007.wav,lexmodi_original_2h20m_10m,test,98.000,113.000,0,0.0,0.83,hindi,मैं करने के मूड में हूं
lexmodi_original_2h20m_10m__chunk_0007,/home/vishal/assignment2-final/stage1_lid/audio/chunks/lexmodi_original_2h20m_10m__chunk_0007.wav,lexmodi_original_2h20m_10m,test,98.000,113.000,1,0.95,2.92,hindi,आज भी मेरी ऊर्जा वही है जी
lexmodi_original_2h20m_10m__chunk_0007,/home/vishal/assignment2-final/stage1_lid/audio/chunks/lexmodi_original_2h20m_10m__chunk_0007.wav,lexmodi_original_2h20m_10m,test,98.000,113.000,2,3.99,7.82,english,"Me as an engineer, as a person who loves mathematics, I have to ask."
lexmodi_original_2h20m_10m__chunk_0007,/home/vishal/assignment2-final/stage1_lid/audio/chunks/lexmodi_original_2h20m_10m__chunk_0007.wav,lexmodi_original_2h20m_10m,test,98.000,113.000,3,8.35,14.7,english,"Srinivasa Ramanujan is an Indian mathematician from a century ago, he's widely considered to be one of the"
lexmodi_original_2h20m_10m__chunk_0008,/home/vishal/assignment2-final/stage1_lid/audio/chunks/lexmodi_original_2h20m_10m__chunk_0008.wav,lexmodi_original_2h20m_10m,test,112.000,127.000,0,0.17,2.59,english,uh one of the greatest mathematicians of all time
lexmodi_original_2h20m_10m__chunk_0008,/home/vishal/assignment2-final/stage1_lid/audio/chunks/lexmodi_original_2h20m_10m__chunk_0008.wav,lexmodi_original_2h20m_10m,test,112.000,127.000,1,3.03,3.73,english,self-taught
lexmodi_original_2h20m_10m__chunk_0008,/home/vishal/assignment2-final/stage1_lid/audio/chunks/lexmodi_original_2h20m_10m__chunk_0008.wav,lexmodi_original_2h20m_10m,test,112.000,127.000,2,4.59,5.89,english,grew up in poverty.
lexmodi_original_2h20m_10m__chunk_0008,/home/vishal/assignment2-final/stage1_lid/audio/chunks/lexmodi_original_2h20m_10m__chunk_0008.wav,lexmodi_original_2h20m_10m,test,112.000,127.000,3,6.64,8.74,english,You have often spoken about him.
lexmodi_original_2h20m_10m__chunk_0008,/home/vishal/assignment2-final/stage1_lid/audio/chunks/lexmodi_original_2h20m_10m__chunk_0008.wav,lexmodi_original_2h20m_10m,test,112.000,127.000,4,9.49,13.54,english,Uh what do you find inspiring about him?
lexmodi_original_2h20m_10m__chunk_0009,/home/vishal/assignment2-final/stage1_lid/audio/chunks/lexmodi_original_2h20m_10m__chunk_0009.wav,lexmodi_original_2h20m_10m,test,126.000,141.000,0,0.81,2.76,hindi,देखिए मैं देख रहा हूं मैं
lexmodi_original_2h20m_10m__chunk_0009,/home/vishal/assignment2-final/stage1_lid/audio/chunks/lexmodi_original_2h20m_10m__chunk_0009.wav,lexmodi_original_2h20m_10m,test,126.000,141.000,1,3.19,5.37,hindi,के बहुत आदर करता हूं
lexmodi_original_2h20m_10m__chunk_0009,/home/vishal/assignment2-final/stage1_lid/audio/chunks/lexmodi_original_2h20m_10m__chunk_0009.wav,lexmodi_original_2h20m_10m,test,126.000,141.000,2,5.92,7.64,hindi,और मेरे देश के
lexmodi_original_2h20m_10m__chunk_0009,/home/vishal/assignment2-final/stage1_lid/audio/chunks/lexmodi_original_2h20m_10m__chunk_0009.wav,lexmodi_original_2h20m_10m,test,126.000,141.000,3,8.24,11.02,hindi,हर कोई उनको आदर करते हैं क्योंकि
lexmodi_original_2h20m_10m__chunk_0009,/home/vishal/assignment2-final/stage1_lid/audio/chunks/lexmodi_original_2h20m_10m__chunk_0009.wav,lexmodi_original_2h20m_10m,test,126.000,141.000,4,12.63,13.1,english,साइंस
lexmodi_original_2h20m_10m__chunk_0009,/home/vishal/assignment2-final/stage1_lid/audio/chunks/lexmodi_original_2h20m_10m__chunk_0009.wav,lexmodi_original_2h20m_10m,test,126.000,141.000,5,13.1,13.35,hindi,और
lexmodi_original_2h20m_10m__chunk_0009,/home/vishal/assignment2-final/stage1_lid/audio/chunks/lexmodi_original_2h20m_10m__chunk_0009.wav,lexmodi_original_2h20m_10m,test,126.000,141.000,6,13.35,14.3,english,स्पिरिचुअलिटी
lexmodi_original_2h20m_10m__chunk_0009,/home/vishal/assignment2-final/stage1_lid/audio/chunks/lexmodi_original_2h20m_10m__chunk_0009.wav,lexmodi_original_2h20m_10m,test,126.000,141.000,7,14.3,14.71,hindi,के बीच
lexmodi_original_2h20m_10m__chunk_0010,/home/vishal/assignment2-final/stage1_lid/audio/chunks/lexmodi_original_2h20m_10m__chunk_0010.wav,lexmodi_original_2h20m_10m,test,140.000,155.000,0,0.0,0.65,english,spirituality
lexmodi_original_2h20m_10m__chunk_0010,/home/vishal/assignment2-final/stage1_lid/audio/chunks/lexmodi_original_2h20m_10m__chunk_0010.wav,lexmodi_original_2h20m_10m,test,140.000,155.000,1,0.65,1.83,hindi,ke beech bahut bada connect hai
lexmodi_original_2h20m_10m__chunk_0010,/home/vishal/assignment2-final/stage1_lid/audio/chunks/lexmodi_original_2h20m_10m__chunk_0010.wav,lexmodi_original_2h20m_10m,test,140.000,155.000,2,1.83,3.4,hindi,aisa mera mat hai.
lexmodi_original_2h20m_10m__chunk_0010,/home/vishal/assignment2-final/stage1_lid/audio/chunks/lexmodi_original_2h20m_10m__chunk_0010.wav,lexmodi_original_2h20m_10m,test,140.000,155.000,3,5.46,6.0,hindi,Bahut se
lexmodi_original_2h20m_10m__chunk_0010,/home/vishal/assignment2-final/stage1_lid/audio/chunks/lexmodi_original_2h20m_10m__chunk_0010.wav,lexmodi_original_2h20m_10m,test,140.000,155.000,4,6.0,8.9,english,scientific advance minds
lexmodi_original_2h20m_10m__chunk_0010,/home/vishal/assignment2-final/stage1_lid/audio/chunks/lexmodi_original_2h20m_10m__chunk_0010.wav,lexmodi_original_2h20m_10m,test,140.000,155.000,5,10.05,11.54,hindi,agar thoda sa bhi dekhe
lexmodi_original_2h20m_10m__chunk_0010,/home/vishal/assignment2-final/stage1_lid/audio/chunks/lexmodi_original_2h20m_10m__chunk_0010.wav,lexmodi_original_2h20m_10m,test,140.000,155.000,6,11.54,12.01,hindi,to wo
lexmodi_original_2h20m_10m__chunk_0010,/home/vishal/assignment2-final/stage1_lid/audio/chunks/lexmodi_original_2h20m_10m__chunk_0010.wav,lexmodi_original_2h20m_10m,test,140.000,155.000,7,12.01,13.1,english,spiritually advance
lexmodi_original_2h20m_10m__chunk_0010,/home/vishal/assignment2-final/stage1_lid/audio/chunks/lexmodi_original_2h20m_10m__chunk_0010.wav,lexmodi_original_2h20m_10m,test,140.000,155.000,8,13.1,14.0,hindi,bhi hote hain.
lexmodi_original_2h20m_10m__chunk_0011,/home/vishal/assignment2-final/stage1_lid/audio/chunks/lexmodi_original_2h20m_10m__chunk_0011.wav,lexmodi_original_2h20m_10m,test,154.000,169.000,0,0.99,2.08,hindi,So cut off nahi hota hai.
lexmodi_original_2h20m_10m__chunk_0011,/home/vishal/assignment2-final/stage1_lid/audio/chunks/lexmodi_original_2h20m_10m__chunk_0011.wav,lexmodi_original_2h20m_10m,test,154.000,169.000,1,3.0,5.78,hindi,Srinivas Ramanujam kehte the ki unhe
lexmodi_original_2h20m_10m__chunk_0011,/home/vishal/assignment2-final/stage1_lid/audio/chunks/lexmodi_original_2h20m_10m__chunk_0011.wav,lexmodi_original_2h20m_10m,test,154.000,169.000,2,7.05,9.05,english,mathematical ideas
lexmodi_original_2h20m_10m__chunk_0011,/home/vishal/assignment2-final/stage1_lid/audio/chunks/lexmodi_original_2h20m_10m__chunk_0011.wav,lexmodi_original_2h20m_10m,test,154.000,169.000,3,9.61,13.0,hindi,wo Devi se aate hain jiski wo puja karte hain.
lexmodi_original_2h20m_10m__chunk_0012,/home/vishal/assignment2-final/stage1_lid/audio/chunks/lexmodi_original_2h20m_10m__chunk_0012.wav,lexmodi_original_2h20m_10m,test,168.000,183.000,0,0.99,1.46,english,Any idea
lexmodi_original_2h20m_10m__chunk_0012,/home/vishal/assignment2-final/stage1_lid/audio/chunks/lexmodi_original_2h20m_10m__chunk_0012.wav,lexmodi_original_2h20m_10m,test,168.000,183.000,1,1.85,2.91,hindi,tapasya se aate hain
lexmodi_original_2h20m_10m__chunk_0012,/home/vishal/assignment2-final/stage1_lid/audio/chunks/lexmodi_original_2h20m_10m__chunk_0012.wav,lexmodi_original_2h20m_10m,test,168.000,183.000,2,5.07,5.75,hindi,Aur tapasya sirf
lexmodi_original_2h20m_10m__chunk_0012,/home/vishal/assignment2-final/stage1_lid/audio/chunks/lexmodi_original_2h20m_10m__chunk_0012.wav,lexmodi_original_2h20m_10m,test,168.000,183.000,3,6.07,6.57,english,hard work
lexmodi_original_2h20m_10m__chunk_0012,/home/vishal/assignment2-final/stage1_lid/audio/chunks/lexmodi_original_2h20m_10m__chunk_0012.wav,lexmodi_original_2h20m_10m,test,168.000,183.000,4,6.84,7.37,hindi,nahi hai
lexmodi_original_2h20m_10m__chunk_0012,/home/vishal/assignment2-final/stage1_lid/audio/chunks/lexmodi_original_2h20m_10m__chunk_0012.wav,lexmodi_original_2h20m_10m,test,168.000,183.000,5,8.43,11.75,hindi,Ek tarah se kisi ek kaam ke liye khud ko
lexmodi_original_2h20m_10m__chunk_0012,/home/vishal/assignment2-final/stage1_lid/audio/chunks/lexmodi_original_2h20m_10m__chunk_0012.wav,lexmodi_original_2h20m_10m,test,168.000,183.000,6,11.97,12.44,english,devote
lexmodi_original_2h20m_10m__chunk_0012,/home/vishal/assignment2-final/stage1_lid/audio/chunks/lexmodi_original_2h20m_10m__chunk_0012.wav,lexmodi_original_2h20m_10m,test,168.000,183.000,7,12.57,13.0,hindi,kar dena
lexmodi_original_2h20m_10m__chunk_0012,/home/vishal/assignment2-final/stage1_lid/audio/chunks/lexmodi_original_2h20m_10m__chunk_0012.wav,lexmodi_original_2h20m_10m,test,168.000,183.000,8,13.62,14.46,hindi,Khud ko khapa dena
lexmodi_original_2h20m_10m__chunk_0013,/home/vishal/assignment2-final/stage1_lid/audio/chunks/lexmodi_original_2h20m_10m__chunk_0013.wav,lexmodi_original_2h20m_10m,test,182.000,197.000,0,0.0,1.23,hindi,को खपा देना
lexmodi_original_2h20m_10m__chunk_0013,/home/vishal/assignment2-final/stage1_lid/audio/chunks/lexmodi_original_2h20m_10m__chunk_0013.wav,lexmodi_original_2h20m_10m,test,182.000,197.000,1,2.92,5.76,hindi,स्वयं ही जैसे वो कार्य का रूप बन जाए
lexmodi_original_2h20m_10m__chunk_0013,/home/vishal/assignment2-final/stage1_lid/audio/chunks/lexmodi_original_2h20m_10m__chunk_0013.wav,lexmodi_original_2h20m_10m,test,182.000,197.000,2,8.2,8.71,hindi,और हम
lexmodi_original_2h20m_10m__chunk_0013,/home/vishal/assignment2-final/stage1_lid/audio/chunks/lexmodi_original_2h20m_10m__chunk_0013.wav,lexmodi_original_2h20m_10m,test,182.000,197.000,3,8.82,9.29,english,नॉलेज
lexmodi_original_2h20m_10m__chunk_0013,/home/vishal/assignment2-final/stage1_lid/audio/chunks/lexmodi_original_2h20m_10m__chunk_0013.wav,lexmodi_original_2h20m_10m,test,182.000,197.000,4,9.36,10.59,hindi,के जितने ज्यादा
lexmodi_original_2h20m_10m__chunk_0013,/home/vishal/assignment2-final/stage1_lid/audio/chunks/lexmodi_original_2h20m_10m__chunk_0013.wav,lexmodi_original_2h20m_10m,test,182.000,197.000,5,10.68,11.23,english,सोर्सेज
lexmodi_original_2h20m_10m__chunk_0013,/home/vishal/assignment2-final/stage1_lid/audio/chunks/lexmodi_original_2h20m_10m__chunk_0013.wav,lexmodi_original_2h20m_10m,test,182.000,197.000,6,11.31,11.97,hindi,के लिए अपने
lexmodi_original_2h20m_10m__chunk_0013,/home/vishal/assignment2-final/stage1_lid/audio/chunks/lexmodi_original_2h20m_10m__chunk_0013.wav,lexmodi_original_2h20m_10m,test,182.000,197.000,7,12.04,12.41,english,ओपन
lexmodi_original_2h20m_10m__chunk_0013,/home/vishal/assignment2-final/stage1_lid/audio/chunks/lexmodi_original_2h20m_10m__chunk_0013.wav,lexmodi_original_2h20m_10m,test,182.000,197.000,8,12.46,12.8,hindi,होंगे
lexmodi_original_2h20m_10m__chunk_0013,/home/vishal/assignment2-final/stage1_lid/audio/chunks/lexmodi_original_2h20m_10m__chunk_0013.wav,lexmodi_original_2h20m_10m,test,182.000,197.000,9,13.9,15.0,hindi,हमारे पास उतने
lexmodi_original_2h20m_10m__chunk_0014,/home/vishal/assignment2-final/stage1_lid/audio/chunks/lexmodi_original_2h20m_10m__chunk_0014.wav,lexmodi_original_2h20m_10m,test,196.000,211.000,0,0.0,2.12,hindi,हमारे पास उतने ही ज्यादा आइडियाज आएंगे।
lexmodi_original_2h20m_10m__chunk_0014,/home/vishal/assignment2-final/stage1_lid/audio/chunks/lexmodi_original_2h20m_10m__chunk_0014.wav,lexmodi_original_2h20m_10m,test,196.000,211.000,1,2.88,3.27,hindi,हमें
lexmodi_original_2h20m_10m__chunk_0014,/home/vishal/assignment2-final/stage1_lid/audio/chunks/lexmodi_original_2h20m_10m__chunk_0014.wav,lexmodi_original_2h20m_10m,test,196.000,211.000,2,4.88,7.89,hindi,इनफॉर्मेशन और नॉलेज के बीच में फर्क करना भी समझना चाहिए।
lexmodi_original_2h20m_10m__chunk_0014,/home/vishal/assignment2-final/stage1_lid/audio/chunks/lexmodi_original_2h20m_10m__chunk_0014.wav,lexmodi_original_2h20m_10m,test,196.000,211.000,3,7.89,9.09,hindi,करें कुछ लोग
lexmodi_original_2h20m_10m__chunk_0014,/home/vishal/assignment2-final/stage1_lid/audio/chunks/lexmodi_original_2h20m_10m__chunk_0014.wav,lexmodi_original_2h20m_10m,test,196.000,211.000,4,9.09,10.68,hindi,इनफॉर्मेशन को नॉलेज मानते हैं।
lexmodi_original_2h20m_10m__chunk_0014,/home/vishal/assignment2-final/stage1_lid/audio/chunks/lexmodi_original_2h20m_10m__chunk_0014.wav,lexmodi_original_2h20m_10m,test,196.000,211.000,5,11.0,14.63,hindi,और इंफॉर्मेशन का बहुत बड़ा पूंजी लेकर के घूमते हैं।
lexmodi_original_2h20m_10m__chunk_0015,/home/vishal/assignment2-final/stage1_lid/audio/chunks/lexmodi_original_2h20m_10m__chunk_0015.wav,lexmodi_original_2h20m_10m,test,210.000,225.000,0,0.0,1.55,hindi,पुंज लेकर के घूमते रहते हैं।
lexmodi_original_2h20m_10m__chunk_0015,/home/vishal/assignment2-final/stage1_lid/audio/chunks/lexmodi_original_2h20m_10m__chunk_0015.wav,lexmodi_original_2h20m_10m,test,210.000,225.000,1,2.1,2.7,hindi,मैं नहीं मानता हूं कि
lexmodi_original_2h20m_10m__chunk_0015,/home/vishal/assignment2-final/stage1_lid/audio/chunks/lexmodi_original_2h20m_10m__chunk_0015.wav,lexmodi_original_2h20m_10m,test,210.000,225.000,2,2.75,3.4,english,information
lexmodi_original_2h20m_10m__chunk_0015,/home/vishal/assignment2-final/stage1_lid/audio/chunks/lexmodi_original_2h20m_10m__chunk_0015.wav,lexmodi_original_2h20m_10m,test,210.000,225.000,3,3.5,3.9,hindi,का मतलब
lexmodi_original_2h20m_10m__chunk_0015,/home/vishal/assignment2-final/stage1_lid/audio/chunks/lexmodi_original_2h20m_10m__chunk_0015.wav,lexmodi_original_2h20m_10m,test,210.000,225.000,4,4.0,4.4,english,knowledge
lexmodi_original_2h20m_10m__chunk_0015,/home/vishal/assignment2-final/stage1_lid/audio/chunks/lexmodi_original_2h20m_10m__chunk_0015.wav,lexmodi_original_2h20m_10m,test,210.000,225.000,5,4.45,4.8,hindi,करना।
lexmodi_original_2h20m_10m__chunk_0015,/home/vishal/assignment2-final/stage1_lid/audio/chunks/lexmodi_original_2h20m_10m__chunk_0015.wav,lexmodi_original_2h20m_10m,test,210.000,225.000,6,5.5,5.9,english,नॉलेज
lexmodi_original_2h20m_10m__chunk_0015,/home/vishal/assignment2-final/stage1_lid/audio/chunks/lexmodi_original_2h20m_10m__chunk_0015.wav,lexmodi_original_2h20m_10m,test,210.000,225.000,7,6.0,7.0,hindi,एक एक विधा है
lexmodi_original_2h20m_10m__chunk_0015,/home/vishal/assignment2-final/stage1_lid/audio/chunks/lexmodi_original_2h20m_10m__chunk_0015.wav,lexmodi_original_2h20m_10m,test,210.000,225.000,8,7.6,8.1,hindi,जो एक
lexmodi_original_2h20m_10m__chunk_0015,/home/vishal/assignment2-final/stage1_lid/audio/chunks/lexmodi_original_2h20m_10m__chunk_0015.wav,lexmodi_original_2h20m_10m,test,210.000,225.000,9,8.9,9.7,english,प्रोसेसिंग
lexmodi_original_2h20m_10m__chunk_0015,/home/vishal/assignment2-final/stage1_lid/audio/chunks/lexmodi_original_2h20m_10m__chunk_0015.wav,lexmodi_original_2h20m_10m,test,210.000,225.000,10,10.0,10.9,hindi,के बाद धीरे-धीरे
lexmodi_original_2h20m_10m__chunk_0015,/home/vishal/assignment2-final/stage1_lid/audio/chunks/lexmodi_original_2h20m_10m__chunk_0015.wav,lexmodi_original_2h20m_10m,test,210.000,225.000,11,11.0,11.6,english,इवॉल्व
lexmodi_original_2h20m_10m__chunk_0015,/home/vishal/assignment2-final/stage1_lid/audio/chunks/lexmodi_original_2h20m_10m__chunk_0015.wav,lexmodi_original_2h20m_10m,test,210.000,225.000,12,11.7,12.2,hindi,होती है।
lexmodi_original_2h20m_10m__chunk_0015,/home/vishal/assignment2-final/stage1_lid/audio/chunks/lexmodi_original_2h20m_10m__chunk_0015.wav,lexmodi_original_2h20m_10m,test,210.000,225.000,13,13.4,14.2,hindi,और उसको हमने
lexmodi_original_2h20m_10m__chunk_0016,/home/vishal/assignment2-final/stage1_lid/audio/chunks/lexmodi_original_2h20m_10m__chunk_0016.wav,lexmodi_original_2h20m_10m,test,224.000,239.000,0,0.0,3.95,hindi,हमने उस उस फर्क को समझ करके इसको हैंडल करना चाहिए।
lexmodi_original_2h20m_10m__chunk_0016,/home/vishal/assignment2-final/stage1_lid/audio/chunks/lexmodi_original_2h20m_10m__chunk_0016.wav,lexmodi_original_2h20m_10m,test,224.000,239.000,1,5.1,14.9,english,"You have a reputation for being a decisive leader. So, can you walk me through on this topic of ideas, how you make decisions, what's your process?"
lexmodi_original_2h20m_10m__chunk_0017,/home/vishal/assignment2-final/stage1_lid/audio/chunks/lexmodi_original_2h20m_10m__chunk_0017.wav,lexmodi_original_2h20m_10m,test,238.000,253.000,0,0.0,0.56,english,process
lexmodi_original_2h20m_10m__chunk_0017,/home/vishal/assignment2-final/stage1_lid/audio/chunks/lexmodi_original_2h20m_10m__chunk_0017.wav,lexmodi_original_2h20m_10m,test,238.000,253.000,1,2.03,5.22,english,"So for instance when facing a high stakes choice,"
lexmodi_original_2h20m_10m__chunk_0017,/home/vishal/assignment2-final/stage1_lid/audio/chunks/lexmodi_original_2h20m_10m__chunk_0017.wav,lexmodi_original_2h20m_10m,test,238.000,253.000,2,6.21,9.08,english,"uh would no clear precedence, you know, a lot of uncertainty,"
lexmodi_original_2h20m_10m__chunk_0017,/home/vishal/assignment2-final/stage1_lid/audio/chunks/lexmodi_original_2h20m_10m__chunk_0017.wav,lexmodi_original_2h20m_10m,test,238.000,253.000,3,10.36,13.06,english,"having to balance input, how do you make decisions?"
lexmodi_original_2h20m_10m__chunk_0018,/home/vishal/assignment2-final/stage1_lid/audio/chunks/lexmodi_original_2h20m_10m__chunk_0018.wav,lexmodi_original_2h20m_10m,test,252.000,267.000,0,2.1,3.59,hindi,बहुत सी बातें हैं इसके पीछे
lexmodi_original_2h20m_10m__chunk_0018,/home/vishal/assignment2-final/stage1_lid/audio/chunks/lexmodi_original_2h20m_10m__chunk_0018.wav,lexmodi_original_2h20m_10m,test,252.000,267.000,1,5.07,5.43,hindi,एक
lexmodi_original_2h20m_10m__chunk_0018,/home/vishal/assignment2-final/stage1_lid/audio/chunks/lexmodi_original_2h20m_10m__chunk_0018.wav,lexmodi_original_2h20m_10m,test,252.000,267.000,2,7.38,9.33,hindi,शायद हिंदुस्तान में मैं एक ऐसा
lexmodi_original_2h20m_10m__chunk_0018,/home/vishal/assignment2-final/stage1_lid/audio/chunks/lexmodi_original_2h20m_10m__chunk_0018.wav,lexmodi_original_2h20m_10m,test,252.000,267.000,3,9.59,10.33,english,पॉलिटिशियन
lexmodi_original_2h20m_10m__chunk_0018,/home/vishal/assignment2-final/stage1_lid/audio/chunks/lexmodi_original_2h20m_10m__chunk_0018.wav,lexmodi_original_2h20m_10m,test,252.000,267.000,4,10.48,10.65,hindi,हूं
lexmodi_original_2h20m_10m__chunk_0018,/home/vishal/assignment2-final/stage1_lid/audio/chunks/lexmodi_original_2h20m_10m__chunk_0018.wav,lexmodi_original_2h20m_10m,test,252.000,267.000,5,11.93,14.14,hindi,जो मेरे देश के
lexmodi_original_2h20m_10m__chunk_0019,/home/vishal/assignment2-final/stage1_lid/audio/chunks/lexmodi_original_2h20m_10m__chunk_0019.wav,lexmodi_original_2h20m_10m,test,266.000,281.000,0,0.011,0.021,english,
lexmodi_original_2h20m_10m__chunk_0019,/home/vishal/assignment2-final/stage1_lid/audio/chunks/lexmodi_original_2h20m_10m__chunk_0019.wav,lexmodi_original_2h20m_10m,test,266.000,281.000,1,1.696,3.326,english,85 to 90% district
lexmodi_original_2h20m_10m__chunk_0019,/home/vishal/assignment2-final/stage1_lid/audio/chunks/lexmodi_original_2h20m_10m__chunk_0019.wav,lexmodi_original_2h20m_10m,test,266.000,281.000,2,3.966,4.286,hindi,mein
lexmodi_original_2h20m_10m__chunk_0019,/home/vishal/assignment2-final/stage1_lid/audio/chunks/lexmodi_original_2h20m_10m__chunk_0019.wav,lexmodi_original_2h20m_10m,test,266.000,281.000,3,6.014,7.724,hindi,Ratri mukam kar chuka hu
lexmodi_original_2h20m_10m__chunk_0019,/home/vishal/assignment2-final/stage1_lid/audio/chunks/lexmodi_original_2h20m_10m__chunk_0019.wav,lexmodi_original_2h20m_10m,test,266.000,281.000,4,11.458,13.758,hindi,Mere purva jeevan ki main baat karta hu
lexmodi_original_2h20m_10m__chunk_0019,/home/vishal/assignment2-final/stage1_lid/audio/chunks/lexmodi_original_2h20m_10m__chunk_0019.wav,lexmodi_original_2h20m_10m,test,266.000,281.000,5,13.848,14.078,hindi,Main bhraman karta tha
lexmodi_original_2h20m_10m__chunk_0020,/home/vishal/assignment2-final/stage1_lid/audio/chunks/lexmodi_original_2h20m_10m__chunk_0020.wav,lexmodi_original_2h20m_10m,test,280.000,295.000,0,2.15,5.15,hindi,उससे जो मैंने पाया है वह जो सिखा है
lexmodi_original_2h20m_10m__chunk_0020,/home/vishal/assignment2-final/stage1_lid/audio/chunks/lexmodi_original_2h20m_10m__chunk_0020.wav,lexmodi_original_2h20m_10m,test,280.000,295.000,1,6.6,8.55,hindi,तो मेरे पास वह एक बहुत बड़ा
lexmodi_original_2h20m_10m__chunk_0020,/home/vishal/assignment2-final/stage1_lid/audio/chunks/lexmodi_original_2h20m_10m__chunk_0020.wav,lexmodi_original_2h20m_10m,test,280.000,295.000,2,9.0,9.7,hindi,चीजों को
lexmodi_original_2h20m_10m__chunk_0020,/home/vishal/assignment2-final/stage1_lid/audio/chunks/lexmodi_original_2h20m_10m__chunk_0020.wav,lexmodi_original_2h20m_10m,test,280.000,295.000,3,10.1,11.1,english,ग्रास रूट लेवल
lexmodi_original_2h20m_10m__chunk_0020,/home/vishal/assignment2-final/stage1_lid/audio/chunks/lexmodi_original_2h20m_10m__chunk_0020.wav,lexmodi_original_2h20m_10m,test,280.000,295.000,4,11.1,11.45,hindi,पर
lexmodi_original_2h20m_10m__chunk_0020,/home/vishal/assignment2-final/stage1_lid/audio/chunks/lexmodi_original_2h20m_10m__chunk_0020.wav,lexmodi_original_2h20m_10m,test,280.000,295.000,5,11.7,13.15,hindi,स्थितियों के विषय में मेरी
lexmodi_original_2h20m_10m__chunk_0020,/home/vishal/assignment2-final/stage1_lid/audio/chunks/lexmodi_original_2h20m_10m__chunk_0020.wav,lexmodi_original_2h20m_10m,test,280.000,295.000,6,13.2,14.15,english,फर्स्ट हैंड इनफॉरमेशन
lexmodi_original_2h20m_10m__chunk_0020,/home/vishal/assignment2-final/stage1_lid/audio/chunks/lexmodi_original_2h20m_10m__chunk_0020.wav,lexmodi_original_2h20m_10m,test,280.000,295.000,7,14.2,14.7,hindi,है
lexmodi_original_2h20m_10m__chunk_0021,/home/vishal/assignment2-final/stage1_lid/audio/chunks/lexmodi_original_2h20m_10m__chunk_0021.wav,lexmodi_original_2h20m_10m,test,294.000,309.000,0,0.0,0.67,english,question
lexmodi_original_2h20m_10m__chunk_0021,/home/vishal/assignment2-final/stage1_lid/audio/chunks/lexmodi_original_2h20m_10m__chunk_0021.wav,lexmodi_original_2h20m_10m,test,294.000,309.000,1,0.67,1.23,hindi,है
lexmodi_original_2h20m_10m__chunk_0021,/home/vishal/assignment2-final/stage1_lid/audio/chunks/lexmodi_original_2h20m_10m__chunk_0021.wav,lexmodi_original_2h20m_10m,test,294.000,309.000,2,1.83,4.99,hindi,किसी से पूछा हुआ जाना हुआ है सब किताबों के द्वारा नहीं पाया है।
lexmodi_original_2h20m_10m__chunk_0021,/home/vishal/assignment2-final/stage1_lid/audio/chunks/lexmodi_original_2h20m_10m__chunk_0021.wav,lexmodi_original_2h20m_10m,test,294.000,309.000,3,6.63,7.47,hindi,दूसरा
lexmodi_original_2h20m_10m__chunk_0021,/home/vishal/assignment2-final/stage1_lid/audio/chunks/lexmodi_original_2h20m_10m__chunk_0021.wav,lexmodi_original_2h20m_10m,test,294.000,309.000,4,10.25,14.99,hindi,गवर्नेंस की दृष्टि से देखे तो मेरे पास कोई प्रकार का
lexmodi_original_2h20m_10m__chunk_0022,/home/vishal/assignment2-final/stage1_lid/audio/chunks/lexmodi_original_2h20m_10m__chunk_0022.wav,lexmodi_original_2h20m_10m,test,308.000,323.000,0,0.0,1.85,hindi,प्रकार का बैगेज नहीं है
lexmodi_original_2h20m_10m__chunk_0022,/home/vishal/assignment2-final/stage1_lid/audio/chunks/lexmodi_original_2h20m_10m__chunk_0022.wav,lexmodi_original_2h20m_10m,test,308.000,323.000,1,3.0,5.0,hindi,कि जिस बैगेज को लेकर के मुझे
lexmodi_original_2h20m_10m__chunk_0022,/home/vishal/assignment2-final/stage1_lid/audio/chunks/lexmodi_original_2h20m_10m__chunk_0022.wav,lexmodi_original_2h20m_10m,test,308.000,323.000,2,6.0,9.5,hindi,दबे रहना है उसके अदा पर मेरा
lexmodi_original_2h20m_10m__chunk_0022,/home/vishal/assignment2-final/stage1_lid/audio/chunks/lexmodi_original_2h20m_10m__chunk_0022.wav,lexmodi_original_2h20m_10m,test,308.000,323.000,3,10.0,11.0,hindi,चलना है वो नहीं है
lexmodi_original_2h20m_10m__chunk_0022,/home/vishal/assignment2-final/stage1_lid/audio/chunks/lexmodi_original_2h20m_10m__chunk_0022.wav,lexmodi_original_2h20m_10m,test,308.000,323.000,4,12.0,12.5,hindi,तीसरा
lexmodi_original_2h20m_10m__chunk_0022,/home/vishal/assignment2-final/stage1_lid/audio/chunks/lexmodi_original_2h20m_10m__chunk_0022.wav,lexmodi_original_2h20m_10m,test,308.000,323.000,5,13.0,14.5,hindi,निर्णय करने में मेरा
lexmodi_original_2h20m_10m__chunk_0023,/home/vishal/assignment2-final/stage1_lid/audio/chunks/lexmodi_original_2h20m_10m__chunk_0023.wav,lexmodi_original_2h20m_10m,test,322.000,337.000,0,0.0,1.93,hindi,करने में मेरा एक तराजू है।
lexmodi_original_2h20m_10m__chunk_0023,/home/vishal/assignment2-final/stage1_lid/audio/chunks/lexmodi_original_2h20m_10m__chunk_0023.wav,lexmodi_original_2h20m_10m,test,322.000,337.000,1,3.99,5.43,hindi,मेरा देश सबसे पहले।
lexmodi_original_2h20m_10m__chunk_0023,/home/vishal/assignment2-final/stage1_lid/audio/chunks/lexmodi_original_2h20m_10m__chunk_0023.wav,lexmodi_original_2h20m_10m,test,322.000,337.000,2,5.99,9.17,hindi,मैं जो कर रहा हूं मेरे देश का नुकसान तो नहीं हो रहा है।
lexmodi_original_2h20m_10m__chunk_0023,/home/vishal/assignment2-final/stage1_lid/audio/chunks/lexmodi_original_2h20m_10m__chunk_0023.wav,lexmodi_original_2h20m_10m,test,322.000,337.000,3,10.03,10.66,hindi,हो रहा है।
lexmodi_original_2h20m_10m__chunk_0023,/home/vishal/assignment2-final/stage1_lid/audio/chunks/lexmodi_original_2h20m_10m__chunk_0023.wav,lexmodi_original_2h20m_10m,test,322.000,337.000,4,11.23,13.25,hindi,दूसरा हमारी यहां महात्मा गांधी कहते थे।
lexmodi_original_2h20m_10m__chunk_0023,/home/vishal/assignment2-final/stage1_lid/audio/chunks/lexmodi_original_2h20m_10m__chunk_0023.wav,lexmodi_original_2h20m_10m,test,322.000,337.000,5,14.05,14.75,hindi,कि भई तुम्हें कोई
lexmodi_original_2h20m_10m__chunk_0024,/home/vishal/assignment2-final/stage1_lid/audio/chunks/lexmodi_original_2h20m_10m__chunk_0024.wav,lexmodi_original_2h20m_10m,test,336.000,351.000,0,0.0,3.03,hindi,कि भाई तुम्हें कोई निर्णय करते समय कोई उलझन हो
lexmodi_original_2h20m_10m__chunk_0024,/home/vishal/assignment2-final/stage1_lid/audio/chunks/lexmodi_original_2h20m_10m__chunk_0024.wav,lexmodi_original_2h20m_10m,test,336.000,351.000,1,3.86,6.31,hindi,तो तुम किसी गरीब की चेहरा देख रहे हो उनको याद करो
lexmodi_original_2h20m_10m__chunk_0024,/home/vishal/assignment2-final/stage1_lid/audio/chunks/lexmodi_original_2h20m_10m__chunk_0024.wav,lexmodi_original_2h20m_10m,test,336.000,351.000,2,7.02,9.07,hindi,और सोचो यह उसके काम आएगा क्या
lexmodi_original_2h20m_10m__chunk_0024,/home/vishal/assignment2-final/stage1_lid/audio/chunks/lexmodi_original_2h20m_10m__chunk_0024.wav,lexmodi_original_2h20m_10m,test,336.000,351.000,3,9.87,11.08,hindi,तो आपका निर्णय सही होगा
lexmodi_original_2h20m_10m__chunk_0024,/home/vishal/assignment2-final/stage1_lid/audio/chunks/lexmodi_original_2h20m_10m__chunk_0024.wav,lexmodi_original_2h20m_10m,test,336.000,351.000,4,11.9,13.68,hindi,मुझे वह मंत्र बहुत काम आता है
lexmodi_original_2h20m_10m__chunk_0024,/home/vishal/assignment2-final/stage1_lid/audio/chunks/lexmodi_original_2h20m_10m__chunk_0024.wav,lexmodi_original_2h20m_10m,test,336.000,351.000,5,14.5,14.95,hindi,कि भाई आप
lexmodi_original_2h20m_10m__chunk_0025,/home/vishal/assignment2-final/stage1_lid/audio/chunks/lexmodi_original_2h20m_10m__chunk_0025.wav,lexmodi_original_2h20m_10m,test,350.000,365.000,0,0.0,2.682,hindi,कि भई आप सामान्य मानव को याद करो
lexmodi_original_2h20m_10m__chunk_0025,/home/vishal/assignment2-final/stage1_lid/audio/chunks/lexmodi_original_2h20m_10m__chunk_0025.wav,lexmodi_original_2h20m_10m,test,350.000,365.000,1,2.682,4.142,hindi,क्या मैं जो कर रहा हूं उसको
lexmodi_original_2h20m_10m__chunk_0025,/home/vishal/assignment2-final/stage1_lid/audio/chunks/lexmodi_original_2h20m_10m__chunk_0025.wav,lexmodi_original_2h20m_10m,test,350.000,365.000,2,4.542,6.542,hindi,दूसरे प्रक्रिया जहां तक है
lexmodi_original_2h20m_10m__chunk_0025,/home/vishal/assignment2-final/stage1_lid/audio/chunks/lexmodi_original_2h20m_10m__chunk_0025.wav,lexmodi_original_2h20m_10m,test,350.000,365.000,3,7.142,7.502,hindi,कि मैं
lexmodi_original_2h20m_10m__chunk_0025,/home/vishal/assignment2-final/stage1_lid/audio/chunks/lexmodi_original_2h20m_10m__chunk_0025.wav,lexmodi_original_2h20m_10m,test,350.000,365.000,4,8.822,9.172,hindi,बहुत ही
lexmodi_original_2h20m_10m__chunk_0025,/home/vishal/assignment2-final/stage1_lid/audio/chunks/lexmodi_original_2h20m_10m__chunk_0025.wav,lexmodi_original_2h20m_10m,test,350.000,365.000,5,9.172,9.942,english,वेल कनेक्टेड
lexmodi_original_2h20m_10m__chunk_0025,/home/vishal/assignment2-final/stage1_lid/audio/chunks/lexmodi_original_2h20m_10m__chunk_0025.wav,lexmodi_original_2h20m_10m,test,350.000,365.000,6,9.942,10.362,hindi,हूं
lexmodi_original_2h20m_10m__chunk_0025,/home/vishal/assignment2-final/stage1_lid/audio/chunks/lexmodi_original_2h20m_10m__chunk_0025.wav,lexmodi_original_2h20m_10m,test,350.000,365.000,7,10.512,11.942,hindi,मेरी सरकार में
lexmodi_original_2h20m_10m__chunk_0025,/home/vishal/assignment2-final/stage1_lid/audio/chunks/lexmodi_original_2h20m_10m__chunk_0025.wav,lexmodi_original_2h20m_10m,test,350.000,365.000,8,12.352,14.282,hindi,मेरे अफसरों को ये
lexmodi_original_2h20m_10m__chunk_0026,/home/vishal/assignment2-final/stage1_lid/audio/chunks/lexmodi_original_2h20m_10m__chunk_0026.wav,lexmodi_original_2h20m_10m,test,364.000,379.000,0,1.83,3.73,hindi,वो मेरे प्रति ईर्ष्या भी होती होगी
lexmodi_original_2h20m_10m__chunk_0026,/home/vishal/assignment2-final/stage1_lid/audio/chunks/lexmodi_original_2h20m_10m__chunk_0026.wav,lexmodi_original_2h20m_10m,test,364.000,379.000,1,4.39,6.63,hindi,और उनको तकलीफ भी होती होगी
lexmodi_original_2h20m_10m__chunk_0026,/home/vishal/assignment2-final/stage1_lid/audio/chunks/lexmodi_original_2h20m_10m__chunk_0026.wav,lexmodi_original_2h20m_10m,test,364.000,379.000,2,7.33,8.13,hindi,और वो है
lexmodi_original_2h20m_10m__chunk_0026,/home/vishal/assignment2-final/stage1_lid/audio/chunks/lexmodi_original_2h20m_10m__chunk_0026.wav,lexmodi_original_2h20m_10m,test,364.000,379.000,3,9.38,9.78,hindi,मेरे
lexmodi_original_2h20m_10m__chunk_0026,/home/vishal/assignment2-final/stage1_lid/audio/chunks/lexmodi_original_2h20m_10m__chunk_0026.wav,lexmodi_original_2h20m_10m,test,364.000,379.000,4,10.08,11.28,english,इनफॉर्मेशन चैनल
lexmodi_original_2h20m_10m__chunk_0026,/home/vishal/assignment2-final/stage1_lid/audio/chunks/lexmodi_original_2h20m_10m__chunk_0026.wav,lexmodi_original_2h20m_10m,test,364.000,379.000,5,11.38,12.08,hindi,बहुत है
lexmodi_original_2h20m_10m__chunk_0026,/home/vishal/assignment2-final/stage1_lid/audio/chunks/lexmodi_original_2h20m_10m__chunk_0026.wav,lexmodi_original_2h20m_10m,test,364.000,379.000,6,12.68,13.28,hindi,और बहुत
lexmodi_original_2h20m_10m__chunk_0026,/home/vishal/assignment2-final/stage1_lid/audio/chunks/lexmodi_original_2h20m_10m__chunk_0026.wav,lexmodi_original_2h20m_10m,test,364.000,379.000,7,13.28,13.98,english,लाइव है
lexmodi_original_2h20m_10m__chunk_0027,/home/vishal/assignment2-final/stage1_lid/audio/chunks/lexmodi_original_2h20m_10m__chunk_0027.wav,lexmodi_original_2h20m_10m,test,378.000,393.000,0,0.8,5.1,hindi,और इसलिए मुझे चीजों की जानकारियां बहुत सारी मिल जाती है
lexmodi_original_2h20m_10m__chunk_0027,/home/vishal/assignment2-final/stage1_lid/audio/chunks/lexmodi_original_2h20m_10m__chunk_0027.wav,lexmodi_original_2h20m_10m,test,378.000,393.000,1,6.1,7.4,hindi,और जगह से
lexmodi_original_2h20m_10m__chunk_0027,/home/vishal/assignment2-final/stage1_lid/audio/chunks/lexmodi_original_2h20m_10m__chunk_0027.wav,lexmodi_original_2h20m_10m,test,378.000,393.000,2,9.3,10.5,hindi,तो मुझे कोई आकर के
lexmodi_original_2h20m_10m__chunk_0027,/home/vishal/assignment2-final/stage1_lid/audio/chunks/lexmodi_original_2h20m_10m__chunk_0027.wav,lexmodi_original_2h20m_10m,test,378.000,393.000,3,10.8,11.3,english,ब्रीफ
lexmodi_original_2h20m_10m__chunk_0027,/home/vishal/assignment2-final/stage1_lid/audio/chunks/lexmodi_original_2h20m_10m__chunk_0027.wav,lexmodi_original_2h20m_10m,test,378.000,393.000,4,11.3,11.8,hindi,करें
lexmodi_original_2h20m_10m__chunk_0027,/home/vishal/assignment2-final/stage1_lid/audio/chunks/lexmodi_original_2h20m_10m__chunk_0027.wav,lexmodi_original_2h20m_10m,test,378.000,393.000,5,13.2,13.9,hindi,वो ही अकेले
lexmodi_original_2h20m_10m__chunk_0027,/home/vishal/assignment2-final/stage1_lid/audio/chunks/lexmodi_original_2h20m_10m__chunk_0027.wav,lexmodi_original_2h20m_10m,test,378.000,393.000,6,14.3,14.9,english,इंफॉर्मेशन
lexmodi_original_2h20m_10m__chunk_0027,/home/vishal/assignment2-final/stage1_lid/audio/chunks/lexmodi_original_2h20m_10m__chunk_0027.wav,lexmodi_original_2h20m_10m,test,378.000,393.000,7,14.9,15.2,hindi,नहीं
lexmodi_original_2h20m_10m__chunk_0028,/home/vishal/assignment2-final/stage1_lid/audio/chunks/lexmodi_original_2h20m_10m__chunk_0028.wav,lexmodi_original_2h20m_10m,test,392.000,407.000,0,0.0,0.6,english,information
lexmodi_original_2h20m_10m__chunk_0028,/home/vishal/assignment2-final/stage1_lid/audio/chunks/lexmodi_original_2h20m_10m__chunk_0028.wav,lexmodi_original_2h20m_10m,test,392.000,407.000,1,0.6,1.23,hindi,nahi hote.
lexmodi_original_2h20m_10m__chunk_0028,/home/vishal/assignment2-final/stage1_lid/audio/chunks/lexmodi_original_2h20m_10m__chunk_0028.wav,lexmodi_original_2h20m_10m,test,392.000,407.000,2,1.38,3.95,hindi,mere paas ek dusre pehlu bhi hote hain.
lexmodi_original_2h20m_10m__chunk_0028,/home/vishal/assignment2-final/stage1_lid/audio/chunks/lexmodi_original_2h20m_10m__chunk_0028.wav,lexmodi_original_2h20m_10m,test,392.000,407.000,3,4.97,5.51,hindi,To main
lexmodi_original_2h20m_10m__chunk_0028,/home/vishal/assignment2-final/stage1_lid/audio/chunks/lexmodi_original_2h20m_10m__chunk_0028.wav,lexmodi_original_2h20m_10m,test,392.000,407.000,4,6.63,11.1,hindi,dusra main ek mere me vidyarthi bhav hai.
lexmodi_original_2h20m_10m__chunk_0028,/home/vishal/assignment2-final/stage1_lid/audio/chunks/lexmodi_original_2h20m_10m__chunk_0028.wav,lexmodi_original_2h20m_10m,test,392.000,407.000,5,11.39,12.44,hindi,Man lijiye koi cheez nahi aayi.
lexmodi_original_2h20m_10m__chunk_0028,/home/vishal/assignment2-final/stage1_lid/audio/chunks/lexmodi_original_2h20m_10m__chunk_0028.wav,lexmodi_original_2h20m_10m,test,392.000,407.000,6,12.44,13.06,hindi,mujhe kisi
lexmodi_original_2h20m_10m__chunk_0028,/home/vishal/assignment2-final/stage1_lid/audio/chunks/lexmodi_original_2h20m_10m__chunk_0028.wav,lexmodi_original_2h20m_10m,test,392.000,407.000,7,13.06,13.43,english,option
lexmodi_original_2h20m_10m__chunk_0028,/home/vishal/assignment2-final/stage1_lid/audio/chunks/lexmodi_original_2h20m_10m__chunk_0028.wav,lexmodi_original_2h20m_10m,test,392.000,407.000,8,13.43,14.15,hindi,ne kuch bataya.
lexmodi_original_2h20m_10m__chunk_0029,/home/vishal/assignment2-final/stage1_lid/audio/chunks/lexmodi_original_2h20m_10m__chunk_0029.wav,lexmodi_original_2h20m_10m,test,406.000,421.000,0,0.99,2.05,hindi,तो मैं विद्यार्थी भाव से उसको पूछता हूं
lexmodi_original_2h20m_10m__chunk_0029,/home/vishal/assignment2-final/stage1_lid/audio/chunks/lexmodi_original_2h20m_10m__chunk_0029.wav,lexmodi_original_2h20m_10m,test,406.000,421.000,1,2.05,4.14,hindi,भाई अच्छा मुझे बताओ भाई कैसे हैं।
lexmodi_original_2h20m_10m__chunk_0029,/home/vishal/assignment2-final/stage1_lid/audio/chunks/lexmodi_original_2h20m_10m__chunk_0029.wav,lexmodi_original_2h20m_10m,test,406.000,421.000,2,4.88,5.51,hindi,फिर क्या है
lexmodi_original_2h20m_10m__chunk_0029,/home/vishal/assignment2-final/stage1_lid/audio/chunks/lexmodi_original_2h20m_10m__chunk_0029.wav,lexmodi_original_2h20m_10m,test,406.000,421.000,3,5.51,6.46,hindi,फिर कैसे है।
lexmodi_original_2h20m_10m__chunk_0029,/home/vishal/assignment2-final/stage1_lid/audio/chunks/lexmodi_original_2h20m_10m__chunk_0029.wav,lexmodi_original_2h20m_10m,test,406.000,421.000,4,7.02,8.35,hindi,और कभी मेरे पास दूसरी
lexmodi_original_2h20m_10m__chunk_0029,/home/vishal/assignment2-final/stage1_lid/audio/chunks/lexmodi_original_2h20m_10m__chunk_0029.wav,lexmodi_original_2h20m_10m,test,406.000,421.000,5,8.35,9.07,english,इंफॉर्मेशन
lexmodi_original_2h20m_10m__chunk_0029,/home/vishal/assignment2-final/stage1_lid/audio/chunks/lexmodi_original_2h20m_10m__chunk_0029.wav,lexmodi_original_2h20m_10m,test,406.000,421.000,6,9.07,10.05,hindi,है तो मैं
lexmodi_original_2h20m_10m__chunk_0029,/home/vishal/assignment2-final/stage1_lid/audio/chunks/lexmodi_original_2h20m_10m__chunk_0029.wav,lexmodi_original_2h20m_10m,test,406.000,421.000,7,11.2,12.06,english,डेविल एडवोकेट
lexmodi_original_2h20m_10m__chunk_0029,/home/vishal/assignment2-final/stage1_lid/audio/chunks/lexmodi_original_2h20m_10m__chunk_0029.wav,lexmodi_original_2h20m_10m,test,406.000,421.000,8,12.06,13.56,hindi,बनकर के उल्टे प्रश्न पूछता हूं।
lexmodi_original_2h20m_10m__chunk_0030,/home/vishal/assignment2-final/stage1_lid/audio/chunks/lexmodi_original_2h20m_10m__chunk_0030.wav,lexmodi_original_2h20m_10m,test,420.000,435.000,0,1.37,2.39,hindi,उसको बहुत बारीकी से
lexmodi_original_2h20m_10m__chunk_0030,/home/vishal/assignment2-final/stage1_lid/audio/chunks/lexmodi_original_2h20m_10m__chunk_0030.wav,lexmodi_original_2h20m_10m,test,420.000,435.000,1,2.94,6.39,hindi,अनेक प्रकार से मंथन करना पड़ता है।
lexmodi_original_2h20m_10m__chunk_0030,/home/vishal/assignment2-final/stage1_lid/audio/chunks/lexmodi_original_2h20m_10m__chunk_0030.wav,lexmodi_original_2h20m_10m,test,420.000,435.000,2,7.41,11.83,hindi,तो ऐसा करने से अमृत निकले उस प्रकार की मेरी कोशिश रहती है।
lexmodi_original_2h20m_10m__chunk_0031,/home/vishal/assignment2-final/stage1_lid/audio/chunks/lexmodi_original_2h20m_10m__chunk_0031.wav,lexmodi_original_2h20m_10m,test,434.000,449.000,0,0.547,3.967,hindi,दूसरा मैं जब निर्णय लेता हूं
lexmodi_original_2h20m_10m__chunk_0031,/home/vishal/assignment2-final/stage1_lid/audio/chunks/lexmodi_original_2h20m_10m__chunk_0031.wav,lexmodi_original_2h20m_10m,test,434.000,449.000,1,5.167,7.727,hindi,मुझे लगता है कि हां ये करने जैसा तो फिर मैं एक
lexmodi_original_2h20m_10m__chunk_0031,/home/vishal/assignment2-final/stage1_lid/audio/chunks/lexmodi_original_2h20m_10m__chunk_0031.wav,lexmodi_original_2h20m_10m,test,434.000,449.000,2,9.097,14.897,hindi,सहमाना जो लोग हैं मेरे विचारों को उनको शेयर करके हल्के फुल्के
lexmodi_original_2h20m_10m__chunk_0032,/home/vishal/assignment2-final/stage1_lid/audio/chunks/lexmodi_original_2h20m_10m__chunk_0032.wav,lexmodi_original_2h20m_10m,test,448.000,463.000,0,0.0,2.0,hindi,हल्के फुल्के शब्दों में मैं डालता हूं।
lexmodi_original_2h20m_10m__chunk_0032,/home/vishal/assignment2-final/stage1_lid/audio/chunks/lexmodi_original_2h20m_10m__chunk_0032.wav,lexmodi_original_2h20m_10m,test,448.000,463.000,1,2.8,5.15,hindi,उनके भी रिएक्शन देखता हूं कि निर्णय का क्या होगा।
lexmodi_original_2h20m_10m__chunk_0032,/home/vishal/assignment2-final/stage1_lid/audio/chunks/lexmodi_original_2h20m_10m__chunk_0032.wav,lexmodi_original_2h20m_10m,test,448.000,463.000,2,8.5,9.6,hindi,और मुझे फिर जब
lexmodi_original_2h20m_10m__chunk_0032,/home/vishal/assignment2-final/stage1_lid/audio/chunks/lexmodi_original_2h20m_10m__chunk_0032.wav,lexmodi_original_2h20m_10m,test,448.000,463.000,3,13.2,14.25,hindi,कनविक्शन बन जाए।
lexmodi_original_2h20m_10m__chunk_0033,/home/vishal/assignment2-final/stage1_lid/audio/chunks/lexmodi_original_2h20m_10m__chunk_0033.wav,lexmodi_original_2h20m_10m,test,462.000,477.000,0,0.0,0.64,hindi,जाए
lexmodi_original_2h20m_10m__chunk_0033,/home/vishal/assignment2-final/stage1_lid/audio/chunks/lexmodi_original_2h20m_10m__chunk_0033.wav,lexmodi_original_2h20m_10m,test,462.000,477.000,1,1.62,3.22,hindi,हां ये मैं सही कर रहा हूं
lexmodi_original_2h20m_10m__chunk_0033,/home/vishal/assignment2-final/stage1_lid/audio/chunks/lexmodi_original_2h20m_10m__chunk_0033.wav,lexmodi_original_2h20m_10m,test,462.000,477.000,2,4.22,9.12,hindi,तो एक पूरी प्रोसेस मेरी जो इतना बोलता हूं इतना भी टाइम नहीं लगता है मेरी स्पीड बहुत है
lexmodi_original_2h20m_10m__chunk_0033,/home/vishal/assignment2-final/stage1_lid/audio/chunks/lexmodi_original_2h20m_10m__chunk_0033.wav,lexmodi_original_2h20m_10m,test,462.000,477.000,3,9.91,11.23,hindi,अब जैसे मैं एक उदाहरण दूं
lexmodi_original_2h20m_10m__chunk_0033,/home/vishal/assignment2-final/stage1_lid/audio/chunks/lexmodi_original_2h20m_10m__chunk_0033.wav,lexmodi_original_2h20m_10m,test,462.000,477.000,4,13.06,14.93,hindi,कोरोना के समय कैसे निर्णय
lexmodi_original_2h20m_10m__chunk_0034,/home/vishal/assignment2-final/stage1_lid/audio/chunks/lexmodi_original_2h20m_10m__chunk_0034.wav,lexmodi_original_2h20m_10m,test,476.000,491.000,0,0.0,1.4,hindi,मैं कैसे निर्णय लिए
lexmodi_original_2h20m_10m__chunk_0034,/home/vishal/assignment2-final/stage1_lid/audio/chunks/lexmodi_original_2h20m_10m__chunk_0034.wav,lexmodi_original_2h20m_10m,test,476.000,491.000,1,3.7,5.8,hindi,अब मुझे नोबेल प्राइज विनर मिलते हैं
lexmodi_original_2h20m_10m__chunk_0034,/home/vishal/assignment2-final/stage1_lid/audio/chunks/lexmodi_original_2h20m_10m__chunk_0034.wav,lexmodi_original_2h20m_10m,test,476.000,491.000,2,8.0,10.5,hindi,इकोनमी में भात-भात के मुझे उदाहरण देते थे
lexmodi_original_2h20m_10m__chunk_0034,/home/vishal/assignment2-final/stage1_lid/audio/chunks/lexmodi_original_2h20m_10m__chunk_0034.wav,lexmodi_original_2h20m_10m,test,476.000,491.000,3,11.7,14.8,hindi,फलाने देश ने ये कर दिया डिकने देश ने ये तुम भी करो तुम भी करो
lexmodi_original_2h20m_10m__chunk_0035,/home/vishal/assignment2-final/stage1_lid/audio/chunks/lexmodi_original_2h20m_10m__chunk_0035.wav,lexmodi_original_2h20m_10m,test,490.000,505.000,0,0.0,1.6,hindi,तुम भी करो तुम भी करो
lexmodi_original_2h20m_10m__chunk_0035,/home/vishal/assignment2-final/stage1_lid/audio/chunks/lexmodi_original_2h20m_10m__chunk_0035.wav,lexmodi_original_2h20m_10m,test,490.000,505.000,1,1.8,2.6,hindi,सब बड़े-बड़े
lexmodi_original_2h20m_10m__chunk_0035,/home/vishal/assignment2-final/stage1_lid/audio/chunks/lexmodi_original_2h20m_10m__chunk_0035.wav,lexmodi_original_2h20m_10m,test,490.000,505.000,2,2.6,3.5,english,इकोनॉमिस्ट
lexmodi_original_2h20m_10m__chunk_0035,/home/vishal/assignment2-final/stage1_lid/audio/chunks/lexmodi_original_2h20m_10m__chunk_0035.wav,lexmodi_original_2h20m_10m,test,490.000,505.000,3,3.5,4.7,hindi,मिलकर के मेरा सर खपाते थे।
lexmodi_original_2h20m_10m__chunk_0035,/home/vishal/assignment2-final/stage1_lid/audio/chunks/lexmodi_original_2h20m_10m__chunk_0035.wav,lexmodi_original_2h20m_10m,test,490.000,505.000,4,5.4,6.2,english,पॉलिटिकल
lexmodi_original_2h20m_10m__chunk_0035,/home/vishal/assignment2-final/stage1_lid/audio/chunks/lexmodi_original_2h20m_10m__chunk_0035.wav,lexmodi_original_2h20m_10m,test,490.000,505.000,5,6.2,6.8,hindi,पार्टियां मुझे
lexmodi_original_2h20m_10m__chunk_0035,/home/vishal/assignment2-final/stage1_lid/audio/chunks/lexmodi_original_2h20m_10m__chunk_0035.wav,lexmodi_original_2h20m_10m,test,490.000,505.000,6,6.8,7.2,english,प्रेशर
lexmodi_original_2h20m_10m__chunk_0035,/home/vishal/assignment2-final/stage1_lid/audio/chunks/lexmodi_original_2h20m_10m__chunk_0035.wav,lexmodi_original_2h20m_10m,test,490.000,505.000,7,7.2,7.6,hindi,करती थी
lexmodi_original_2h20m_10m__chunk_0035,/home/vishal/assignment2-final/stage1_lid/audio/chunks/lexmodi_original_2h20m_10m__chunk_0035.wav,lexmodi_original_2h20m_10m,test,490.000,505.000,8,7.7,8.6,hindi,इतना पैसा दे दो।
lexmodi_original_2h20m_10m__chunk_0035,/home/vishal/assignment2-final/stage1_lid/audio/chunks/lexmodi_original_2h20m_10m__chunk_0035.wav,lexmodi_original_2h20m_10m,test,490.000,505.000,9,10.5,12.9,hindi,मैं कुछ करता नहीं था मैं सोचता था मैं क्या करूंगा।
lexmodi_original_2h20m_10m__chunk_0036,/home/vishal/assignment2-final/stage1_lid/audio/chunks/lexmodi_original_2h20m_10m__chunk_0036.wav,lexmodi_original_2h20m_10m,test,504.000,519.000,0,0.0,5.25,hindi,और फिर मैंने मेरी अपनी मेरे देश की परिस्थिति के अनुसार कोई निर्णय किया।
lexmodi_original_2h20m_10m__chunk_0036,/home/vishal/assignment2-final/stage1_lid/audio/chunks/lexmodi_original_2h20m_10m__chunk_0036.wav,lexmodi_original_2h20m_10m,test,504.000,519.000,1,7.55,9.22,hindi,मैं गरीब को भूखा सोने नहीं दूंगा।
lexmodi_original_2h20m_10m__chunk_0036,/home/vishal/assignment2-final/stage1_lid/audio/chunks/lexmodi_original_2h20m_10m__chunk_0036.wav,lexmodi_original_2h20m_10m,test,504.000,519.000,2,12.16,12.38,hindi,मैं
lexmodi_original_2h20m_10m__chunk_0037,/home/vishal/assignment2-final/stage1_lid/audio/chunks/lexmodi_original_2h20m_10m__chunk_0037.wav,lexmodi_original_2h20m_10m,test,518.000,533.000,0,0.868,4.478,hindi,रोजमर्रा की आवश्यकता के लिए सामाजिक तनाव पैदा नहीं होने दूंगा।
lexmodi_original_2h20m_10m__chunk_0037,/home/vishal/assignment2-final/stage1_lid/audio/chunks/lexmodi_original_2h20m_10m__chunk_0037.wav,lexmodi_original_2h20m_10m,test,518.000,533.000,1,4.928,7.058,hindi,ऐसे कुछ मेरे मन में भाव तय हुए।
lexmodi_original_2h20m_10m__chunk_0037,/home/vishal/assignment2-final/stage1_lid/audio/chunks/lexmodi_original_2h20m_10m__chunk_0037.wav,lexmodi_original_2h20m_10m,test,518.000,533.000,2,8.288,10.498,hindi,सब दुनिया तो लॉकडाउन में पड़ी थी।
lexmodi_original_2h20m_10m__chunk_0037,/home/vishal/assignment2-final/stage1_lid/audio/chunks/lexmodi_original_2h20m_10m__chunk_0037.wav,lexmodi_original_2h20m_10m,test,518.000,533.000,3,11.788,14.318,hindi,इकोनॉमी पूरी तरह दुनिया की बैठ चुकी थी।
lexmodi_original_2h20m_10m__chunk_0038,/home/vishal/assignment2-final/stage1_lid/audio/chunks/lexmodi_original_2h20m_10m__chunk_0038.wav,lexmodi_original_2h20m_10m,test,532.000,547.000,0,0.0,0.675,hindi,fi.
lexmodi_original_2h20m_10m__chunk_0038,/home/vishal/assignment2-final/stage1_lid/audio/chunks/lexmodi_original_2h20m_10m__chunk_0038.wav,lexmodi_original_2h20m_10m,test,532.000,547.000,1,0.91,7.72,hindi,Duniya mujh pe pressure karti thi ki khazana khali karo noto chao noto dete raho. Economy kaise karu?
lexmodi_original_2h20m_10m__chunk_0038,/home/vishal/assignment2-final/stage1_lid/audio/chunks/lexmodi_original_2h20m_10m__chunk_0038.wav,lexmodi_original_2h20m_10m,test,532.000,547.000,2,8.435,10.235,hindi,Main us raste pe jana nahi chahta tha.
lexmodi_original_2h20m_10m__chunk_0038,/home/vishal/assignment2-final/stage1_lid/audio/chunks/lexmodi_original_2h20m_10m__chunk_0038.wav,lexmodi_original_2h20m_10m,test,532.000,547.000,3,11.1,14.935,hindi,Lekin anubhav ye kehta hai ki maine jis raste par chala.
lexmodi_original_2h20m_10m__chunk_0039,/home/vishal/assignment2-final/stage1_lid/audio/chunks/lexmodi_original_2h20m_10m__chunk_0039.wav,lexmodi_original_2h20m_10m,test,546.000,561.000,0,0.0,0.94,hindi,से पर चला
lexmodi_original_2h20m_10m__chunk_0039,/home/vishal/assignment2-final/stage1_lid/audio/chunks/lexmodi_original_2h20m_10m__chunk_0039.wav,lexmodi_original_2h20m_10m,test,546.000,561.000,1,2.41,3.73,hindi,एक्सपर्ट के ओपिनियन
lexmodi_original_2h20m_10m__chunk_0039,/home/vishal/assignment2-final/stage1_lid/audio/chunks/lexmodi_original_2h20m_10m__chunk_0039.wav,lexmodi_original_2h20m_10m,test,546.000,561.000,2,4.26,5.09,hindi,मैंने सुने थे
lexmodi_original_2h20m_10m__chunk_0039,/home/vishal/assignment2-final/stage1_lid/audio/chunks/lexmodi_original_2h20m_10m__chunk_0039.wav,lexmodi_original_2h20m_10m,test,546.000,561.000,3,6.28,7.55,hindi,समझने का प्रयास भी किया था
lexmodi_original_2h20m_10m__chunk_0039,/home/vishal/assignment2-final/stage1_lid/audio/chunks/lexmodi_original_2h20m_10m__chunk_0039.wav,lexmodi_original_2h20m_10m,test,546.000,561.000,4,7.96,8.94,hindi,विरोध भी नहीं किया था
lexmodi_original_2h20m_10m__chunk_0039,/home/vishal/assignment2-final/stage1_lid/audio/chunks/lexmodi_original_2h20m_10m__chunk_0039.wav,lexmodi_original_2h20m_10m,test,546.000,561.000,5,9.57,10.43,hindi,लेकिन मैंने
lexmodi_original_2h20m_10m__chunk_0039,/home/vishal/assignment2-final/stage1_lid/audio/chunks/lexmodi_original_2h20m_10m__chunk_0039.wav,lexmodi_original_2h20m_10m,test,546.000,561.000,6,11.08,12.87,hindi,मेरे देश की परिस्थिति
lexmodi_original_2h20m_10m__chunk_0039,/home/vishal/assignment2-final/stage1_lid/audio/chunks/lexmodi_original_2h20m_10m__chunk_0039.wav,lexmodi_original_2h20m_10m,test,546.000,561.000,7,13.25,14.12,hindi,मेरे अपने अनुभव
lexmodi_original_2h20m_10m__chunk_0039,/home/vishal/assignment2-final/stage1_lid/audio/chunks/lexmodi_original_2h20m_10m__chunk_0039.wav,lexmodi_original_2h20m_10m,test,546.000,561.000,8,14.24,14.47,hindi,उन
lexmodi_original_2h20m_10m__chunk_0040,/home/vishal/assignment2-final/stage1_lid/audio/chunks/lexmodi_original_2h20m_10m__chunk_0040.wav,lexmodi_original_2h20m_10m,test,560.000,575.000,0,0.0,4.0,hindi,उन सबको मिला करके मिश्रण करके
lexmodi_original_2h20m_10m__chunk_0040,/home/vishal/assignment2-final/stage1_lid/audio/chunks/lexmodi_original_2h20m_10m__chunk_0040.wav,lexmodi_original_2h20m_10m,test,560.000,575.000,1,4.0,4.8,hindi,जिन चीजों को
lexmodi_original_2h20m_10m__chunk_0040,/home/vishal/assignment2-final/stage1_lid/audio/chunks/lexmodi_original_2h20m_10m__chunk_0040.wav,lexmodi_original_2h20m_10m,test,560.000,575.000,2,4.8,5.3,english,डेवलप
lexmodi_original_2h20m_10m__chunk_0040,/home/vishal/assignment2-final/stage1_lid/audio/chunks/lexmodi_original_2h20m_10m__chunk_0040.wav,lexmodi_original_2h20m_10m,test,560.000,575.000,3,5.3,6.0,hindi,किया
lexmodi_original_2h20m_10m__chunk_0040,/home/vishal/assignment2-final/stage1_lid/audio/chunks/lexmodi_original_2h20m_10m__chunk_0040.wav,lexmodi_original_2h20m_10m,test,560.000,575.000,4,6.0,9.0,hindi,और जो व्यवस्थाएं खड़ी की उसके कारण
lexmodi_original_2h20m_10m__chunk_0040,/home/vishal/assignment2-final/stage1_lid/audio/chunks/lexmodi_original_2h20m_10m__chunk_0040.wav,lexmodi_original_2h20m_10m,test,560.000,575.000,5,9.0,10.5,hindi,दुनिया ने जो
lexmodi_original_2h20m_10m__chunk_0040,/home/vishal/assignment2-final/stage1_lid/audio/chunks/lexmodi_original_2h20m_10m__chunk_0040.wav,lexmodi_original_2h20m_10m,test,560.000,575.000,6,10.5,11.2,english,इन्फ्लेशन
lexmodi_original_2h20m_10m__chunk_0040,/home/vishal/assignment2-final/stage1_lid/audio/chunks/lexmodi_original_2h20m_10m__chunk_0040.wav,lexmodi_original_2h20m_10m,test,560.000,575.000,7,11.2,13.0,hindi,की मुसीबत झेली
lexmodi_original_2h20m_10m__chunk_0040,/home/vishal/assignment2-final/stage1_lid/audio/chunks/lexmodi_original_2h20m_10m__chunk_0040.wav,lexmodi_original_2h20m_10m,test,560.000,575.000,8,13.0,14.0,english,इमीडिएट आफ्टर कोविड
lexmodi_original_2h20m_10m__chunk_0041,/home/vishal/assignment2-final/stage1_lid/audio/chunks/lexmodi_original_2h20m_10m__chunk_0041.wav,lexmodi_original_2h20m_10m,test,574.000,589.000,0,0.0,1.23,english,After COVID
lexmodi_original_2h20m_10m__chunk_0041,/home/vishal/assignment2-final/stage1_lid/audio/chunks/lexmodi_original_2h20m_10m__chunk_0041.wav,lexmodi_original_2h20m_10m,test,574.000,589.000,1,2.16,14.78,hindi,मेरे देश ने नहीं झेली। मेरा देश आज लगातार दुनिया की बड़ी इकोनमी में तेज गति से प्रगति करने वाला है उसका मूल
lexmodi_original_2h20m_10m__chunk_0042,/home/vishal/assignment2-final/stage1_lid/audio/chunks/lexmodi_original_2h20m_10m__chunk_0042.wav,lexmodi_original_2h20m_10m,test,588.000,600.000,0,0.0,1.078,hindi,उसका मूल कारण
lexmodi_original_2h20m_10m__chunk_0042,/home/vishal/assignment2-final/stage1_lid/audio/chunks/lexmodi_original_2h20m_10m__chunk_0042.wav,lexmodi_original_2h20m_10m,test,588.000,600.000,1,1.078,2.268,hindi,उस संकट के समय
lexmodi_original_2h20m_10m__chunk_0042,/home/vishal/assignment2-final/stage1_lid/audio/chunks/lexmodi_original_2h20m_10m__chunk_0042.wav,lexmodi_original_2h20m_10m,test,588.000,600.000,2,2.768,3.958,hindi,बड़े धैर्य के साथ
lexmodi_original_2h20m_10m__chunk_0042,/home/vishal/assignment2-final/stage1_lid/audio/chunks/lexmodi_original_2h20m_10m__chunk_0042.wav,lexmodi_original_2h20m_10m,test,588.000,600.000,3,5.628,7.018,hindi,कोई दुनिया भर की
lexmodi_original_2h20m_10m__chunk_0042,/home/vishal/assignment2-final/stage1_lid/audio/chunks/lexmodi_original_2h20m_10m__chunk_0042.wav,lexmodi_original_2h20m_10m,test,588.000,600.000,4,7.018,7.418,english,थ्योरी
lexmodi_original_2h20m_10m__chunk_0042,/home/vishal/assignment2-final/stage1_lid/audio/chunks/lexmodi_original_2h20m_10m__chunk_0042.wav,lexmodi_original_2h20m_10m,test,588.000,600.000,5,7.418,10.028,hindi,को लागू करने के मोह में पड़े बिना
lexmodi_original_2h20m_10m__chunk_0042,/home/vishal/assignment2-final/stage1_lid/audio/chunks/lexmodi_original_2h20m_10m__chunk_0042.wav,lexmodi_original_2h20m_10m,test,588.000,600.000,6,10.858,11.828,hindi,अखबार वालों का
